<?xml version="1.0" encoding="UTF-8"?>
<project-private xmlns="http://www.netbeans.org/ns/project-private/1">
    <editor-bookmarks xmlns="http://www.netbeans.org/ns/editor-bookmarks/2" lastBookmarkId="0"/>
    <open-files xmlns="http://www.netbeans.org/ns/projectui-open-files/2">
        <group>
            <file>file:/C:/Users/ASUS/Downloads/tiketbioskop/src/tiketbioskop/ControllerTiketMakanan.java</file>
            <file>file:/C:/Users/ASUS/Downloads/tiketbioskop/src/tiketbioskop/Tiketbioskop.java</file>
            <file>file:/C:/Users/ASUS/Downloads/tiketbioskop/src/tiketbioskop/ControllerDaftarFilm.java</file>
            <file>file:/C:/Users/ASUS/Downloads/tiketbioskop/src/tiketbioskop/ControllerMenu.java</file>
            <file>file:/C:/Users/ASUS/Downloads/tiketbioskop/src/tiketbioskop/VDaftarFilm.java</file>
            <file>file:/C:/Users/ASUS/Downloads/tiketbioskop/src/tiketbioskop/ControllerDaftarMakanan.java</file>
            <file>file:/C:/Users/ASUS/Downloads/tiketbioskop/src/tiketbioskop/ModelBioskop.java</file>
            <file>file:/C:/Users/ASUS/Downloads/tiketbioskop/src/tiketbioskop/VTransaksiMakanan.java</file>
            <file>file:/C:/Users/ASUS/Downloads/tiketbioskop/src/tiketbioskop/VLogin.java</file>
            <file>file:/C:/Users/ASUS/Downloads/tiketbioskop/src/tiketbioskop/VMainMenu.java</file>
            <file>file:/C:/Users/ASUS/Downloads/tiketbioskop/src/tiketbioskop/VTiketMakanan.java</file>
            <file>file:/C:/Users/ASUS/Downloads/tiketbioskop/src/tiketbioskop/VEditFilm.java</file>
            <file>file:/C:/Users/ASUS/Downloads/tiketbioskop/src/tiketbioskop/Main.java</file>
            <file>file:/C:/Users/ASUS/Downloads/tiketbioskop/src/tiketbioskop/ControllerEditFilm.java</file>
            <file>file:/C:/Users/ASUS/Downloads/tiketbioskop/src/tiketbioskop/ControllerTransaksiMakanan.java</file>
            <file>file:/C:/Users/ASUS/Downloads/tiketbioskop/src/tiketbioskop/ControllerTransaksiFilm.java</file>
            <file>file:/C:/Users/ASUS/Downloads/tiketbioskop/src/tiketbioskop/ControllerTiketFilm.java</file>
            <file>file:/C:/Users/ASUS/Downloads/tiketbioskop/src/tiketbioskop/ControllerEditMakanan.java</file>
            <file>file:/C:/Users/ASUS/Downloads/tiketbioskop/src/tiketbioskop/VDaftarMakanan.java</file>
            <file>file:/C:/Users/ASUS/Downloads/tiketbioskop/src/tiketbioskop/VTiketFilm.java</file>
            <file>file:/C:/Users/ASUS/Downloads/tiketbioskop/src/tiketbioskop/VEditMakanan.java</file>
            <file>file:/C:/Users/ASUS/Downloads/tiketbioskop/src/tiketbioskop/ControllerLogin.java</file>
            <file>file:/C:/Users/ASUS/Downloads/tiketbioskop/src/tiketbioskop/VTransaksiFilm.java</file>
        </group>
    </open-files>
</project-private>
